域名,注册日期,到期日期,注册商,后缀,简介,Premium
01234567.best,2026/2/21,2027/2/21,Spaceship,.best,,
02cloud.com,2025/1/7,2027/1/7,Spaceship,.com,,TRUE
03125.com,2008/1/14,2028/1/14,Spaceship,.com,,
08mail.com,2023/12/24,2026/12/24,Spaceship,.com,,
094.org,2003/5/23,2028/5/23,Spaceship,.org,,TRUE
098765.com,2022/8/6,2027/8/6,Spaceship,.com,,
0ao.com,2003/4/22,2028/4/22,Spaceship,.com,,TRUE
11505.com,2010/10/4,2028/10/4,Spaceship,.com,,
12186.com,2004/11/24,2026/11/24,Spaceship,.com,,
122333444455555666666777777788888888999999999.com,2019/11/19,2026/11/19,Spaceship,.com,,
123456789.best,2026/3/28,2036/3/28,Spaceship,.best,,
12613.com,2010/4/7,2027/4/7,Spaceship,.com,,
133333.best,2026/2/21,2027/2/21,Spaceship,.best,,
155555.best,2026/2/21,2027/2/21,Spaceship,.best,,
159.org,1999/11/28,2027/11/28,Spaceship,.org,,TRUE
179.org,1999/11/28,2027/11/28,Spaceship,.org,,TRUE
19287.com,2014/8/27,2027/8/27,Spaceship,.com,,
20mail.com,2025/4/10,2027/4/10,Spaceship,.com,,
2111.org,2007/10/29,2034/9/5,Spaceship,.org,,
260.org,1999/2/24,2028/2/24,Spaceship,.org,,TRUE
333333333333.com,2013/3/26,2034/9/5,Spaceship,.com,,
40000.org,2013/3/30,2034/9/5,Spaceship,.org,,
432100.com,2014/2/27,2028/2/27,Spaceship,.com,,
4mail.net,2023/9/4,2026/9/4,Spaceship,.net,,
555555555.best,2026/2/21,2027/2/21,Spaceship,.best,,
555555555.com,2000/4/8,2028/4/8,Spaceship,.com,,TRUE
55555555.best,2026/2/21,2027/2/21,Spaceship,.best,,
61290.com,2009/5/4,2027/5/4,Spaceship,.com,,
61mail.com,2024/12/17,2026/12/17,Spaceship,.com,,
628.org,2025/4/18,2028/4/18,Spaceship,.org,,TRUE
66666666.best,2026/2/21,2027/2/21,Spaceship,.best,,
71mail.com,2011/10/25,2026/10/25,Spaceship,.com,,
8188888.com,2013/2/7,2027/2/7,Spaceship,.com,,
82cloud.com,2024/12/4,2026/12/4,Spaceship,.com,,TRUE
8488888.xyz,2026/4/13,2027/4/13,Spaceship,.xyz,,
888031.xyz,2026/4/13,2027/4/13,Spaceship,.xyz,,
888032.xyz,2026/4/13,2027/4/13,Spaceship,.xyz,,
888035.xyz,2026/4/13,2027/4/13,Spaceship,.xyz,,
888039.xyz,2026/4/13,2027/4/13,Spaceship,.xyz,,
888061.xyz,2026/4/13,2027/4/13,Spaceship,.xyz,,
888062.xyz,2026/4/13,2027/4/13,Spaceship,.xyz,,
888063.xyz,2026/4/13,2027/4/13,Spaceship,.xyz,,
888414.xyz,2025/9/9,2026/9/9,Spaceship,.xyz,,
888503.xyz,2025/9/9,2026/9/9,Spaceship,.xyz,,
888888888.best,2026/2/21,2027/2/21,Spaceship,.best,,
888967.xyz,2026/4/13,2027/4/13,Spaceship,.xyz,,
89888888.com,2024/1/14,2027/1/14,Spaceship,.com,,
92872.com,2011/4/17,2028/4/17,Spaceship,.com,,
95073.com,2004/9/24,2026/9/24,Spaceship,.com,,
951.org,2006/5/25,2028/5/25,Spaceship,.org,,TRUE
999303.xyz,2025/9/9,2026/9/9,Spaceship,.xyz,,
999896.xyz,2025/9/9,2026/9/9,Spaceship,.xyz,,
99999.im,2025/1/3,2027/1/5,Spaceship,.im,,
aduiduidui.com,2024/1/23,2029/1/23,Spaceship,.com,,
adultgarden.com,2025/6/5,2027/6/5,Spaceship,.com,,
agentmail.im,2026/7/5,2027/7/6,Spaceship,.im,,
ailian.org,2025/3/3,2027/3/3,Spaceship,.org,,
annal.org,2025/5/26,2027/5/26,Spaceship,.org,,
apasskey.com,2024/6/20,2027/6/20,Spaceship,.com,,
apostman.com,2024/10/16,2026/10/16,Spaceship,.com,,
appleos.net,2023/5/1,2034/9/8,Spaceship,.net,,
awsco.de,2025/11/21,2026/11/21,Spaceship,.de,,
babyonline.net,1996/9/12,2026/9/11,Spaceship,.net,,
baichi.org,2024/9/9,2026/9/9,Spaceship,.org,,
baoding.org,2000/2/3,2028/2/3,Spaceship,.org,,
beian.org,2020/2/19,2027/2/19,Spaceship,.org,,TRUE
beiwang.org,2024/11/14,2026/11/14,Spaceship,.org,,
beiyouren.com,2006/10/31,2026/10/31,Spaceship,.com,,
binggan.net,2008/6/7,2027/6/7,Spaceship,.net,,
bithi.de,2025/11/21,2026/11/21,Spaceship,.de,,
bizhi.org,2004/10/29,2027/10/29,Spaceship,.org,,TRUE
blessmeet.com,2025/1/15,2028/1/15,Spaceship,.com,,
booksir.net,2000/9/2,2027/9/2,Spaceship,.net,,
bubugao.net,2004/9/3,2027/9/3,Spaceship,.net,,
buding.org,2014/3/26,2034/5/20,Spaceship,.org,,
bushu.de,2026/2/26,2027/2/26,Spaceship,.de,,
bushu.org,2024/9/11,2026/9/11,Spaceship,.org,,
caihong.org,2025/3/26,2027/3/26,Spaceship,.org,,
caipu.org,2024/9/11,2026/9/11,Spaceship,.org,,
cangshu.org,2024/10/13,2026/10/13,Spaceship,.org,,
cangzhou.org,2024/11/27,2026/11/27,Spaceship,.org,,
catchall.im,2026/7/4,2027/7/5,Spaceship,.im,,
catspaw.net,2024/11/29,2028/11/29,Spaceship,.net,,
chaping.net,2025/8/24,2027/8/24,Spaceship,.net,,
chongleng.com,2011/11/2,2026/11/2,Spaceship,.com,,
chuai.org,2025/6/16,2027/6/16,Spaceship,.org,,TRUE
chuan.org,2020/6/8,2027/6/8,Spaceship,.org,,TRUE
chuo.net,1998/1/3,2027/1/2,Spaceship,.net,,TRUE
clawbotmaster.com,2026/3/11,2027/3/11,Spaceship,.com,,
crdap.com,2026/1/23,2028/1/23,Spaceship,.com,,
dalian.org,1999/9/15,2026/9/15,Spaceship,.org,,
daohang.org,2010/12/22,2026/12/22,Spaceship,.org,,TRUE
datak.net,2025/6/12,2027/6/12,Spaceship,.net,,
datal.net,2025/5/19,2027/5/19,Spaceship,.net,,
datat.net,2024/5/12,2027/5/12,Spaceship,.net,,
dawang.org,2024/9/11,2026/9/11,Spaceship,.org,,
daxue.org,2025/6/17,2027/6/17,Spaceship,.org,,
deusclaw.com,2026/3/11,2027/3/11,Spaceship,.com,,
digitalgarden.org,2026/2/14,2028/2/14,Spaceship,.org,,
dingdan.org,2024/9/11,2026/9/11,Spaceship,.org,,
dingyue.net,2006/8/20,2027/8/20,Spaceship,.net,,
dixing.org,2024/9/9,2026/9/9,Spaceship,.org,,
diyiwei.com,2008/1/10,2027/1/10,Spaceship,.com,,
dnsm.net,2025/1/11,2027/1/11,Spaceship,.net,,
domainhunter.im,2026/7/4,2027/7/5,Spaceship,.im,,
donghuacheng.com,2006/1/12,2027/1/12,Spaceship,.com,,TRUE
dpasskey.com,2025/2/18,2027/2/18,Spaceship,.com,,
dqq.org,2000/2/4,2028/2/4,Spaceship,.org,,TRUE
dspass.com,2025/7/30,2027/7/30,Spaceship,.com,,
dsvault.com,2025/5/8,2027/5/8,Spaceship,.com,,TRUE
eeeeeeeeeeee.com,2023/10/20,2029/10/20,Spaceship,.com,,
epasskey.com,2024/6/20,2027/6/20,Spaceship,.com,,
erdap.com,2026/1/23,2028/1/23,Spaceship,.com,,
fanhuajinchu.com,2025/2/23,2027/2/23,Spaceship,.com,,
fetcher.im,2026/7/4,2027/7/5,Spaceship,.im,,
fuckcoding.com,2026/6/29,2027/6/29,Spaceship,.com,,
fuckdistill.com,2026/4/9,2027/4/9,Spaceship,.com,,
gcq.org,2000/3/20,2028/3/20,Spaceship,.org,,TRUE
gequ.org,2025/1/28,2028/1/28,Spaceship,.org,,
hadult.com,2013/12/21,2026/12/21,Spaceship,.com,,
hamster.im,2024/12/12,2026/12/14,Spaceship,.im,,
hanbao.org,2024/10/23,2026/10/23,Spaceship,.org,,
haoke.de,2026/2/14,2027/2/14,Spaceship,.de,,
haowaner.de,2026/2/14,2027/2/14,Spaceship,.de,,
haoxiangmai.com,2011/9/5,2027/9/5,Spaceship,.com,,
hhhhh.org,2026/1/3,2028/1/3,Spaceship,.org,,
hongke.org,2009/6/2,2034/9/8,Spaceship,.org,,
hotmia.com,2000/4/6,2027/4/6,Spaceship,.com,,
hpasskey.com,2025/2/18,2027/2/18,Spaceship,.com,,
huaban.org,2013/6/4,2034/6/4,Spaceship,.org,,
huadian.org,2025/2/4,2027/2/4,Spaceship,.org,,
hudie.org,2002/3/18,2027/3/18,Spaceship,.org,,
icp.domains,2026/1/12,2027/1/12,Spaceship,.domains,,
internetclaw.net,2026/3/11,2027/3/11,Spaceship,.net,,
iosco.de,2025/11/21,2026/11/21,Spaceship,.de,,
ispclaw.com,2026/3/19,2027/3/19,Spaceship,.com,,
iwanggang.com,2023/2/10,2034/9/5,Spaceship,.com,,
iwbook.com,2023/8/31,2034/3/18,Spaceship,.com,,
jiaer.net,2025/9/6,2027/9/6,Spaceship,.net,,
jianguo.org,2025/1/16,2027/1/16,Spaceship,.org,,
jiankong.org,2025/12/14,2026/12/14,Spaceship,.org,,
jiaoliu.org,2011/3/20,2027/3/20,Spaceship,.org,,
jiayuan.org,2001/2/21,2028/2/21,Spaceship,.org,,
jietu.net,2024/8/10,2027/8/10,Spaceship,.net,,TRUE
jilu.org,2014/1/28,2028/1/28,Spaceship,.org,,
jingdong.org,2010/6/17,2027/6/17,Spaceship,.org,,TRUE
jiushiguang.com,2011/1/18,2029/1/18,Spaceship,.com,,TRUE
jlku.com,2008/8/19,2033/8/19,Spaceship,.com,,TRUE
juming.org,2025/12/14,2026/12/14,Spaceship,.org,,TRUE
kaiche.net,2025/6/3,2027/6/3,Spaceship,.net,,
kcloud.org,2025/9/30,2027/9/30,Spaceship,.org,,
ketty.org,2024/10/23,2026/10/23,Spaceship,.org,,
kongjian.org,2013/6/26,2027/6/26,Spaceship,.org,,
kongtan.com,2005/10/19,2026/10/19,Spaceship,.com,,
kqq.org,2000/2/4,2028/2/4,Spaceship,.org,,TRUE
laoba.net,2019/10/18,2027/10/18,Spaceship,.net,,
leyuan.org,2024/5/21,2028/5/21,Spaceship,.org,,
lianai.org,2024/10/10,2026/10/10,Spaceship,.org,,
lianghao.org,2026/1/7,2028/1/7,Spaceship,.org,,
lingbao.org,2026/3/19,2027/3/19,Spaceship,.org,,
lingyali.com,2024/1/20,2027/1/20,Spaceship,.com,,
longxia.de,2026/3/14,2027/3/14,Spaceship,.de,,
longxin.net,2010/4/2,2027/4/2,Spaceship,.net,,TRUE
lsp.im,2025/1/7,2027/1/9,Spaceship,.im,,
lzu.org,2000/3/21,2028/3/21,Spaceship,.org,,TRUE
magnaclaw.com,2026/3/11,2027/3/11,Spaceship,.com,,
maila.net,2024/2/25,2027/2/25,Spaceship,.net,,
mailkk.com,2024/8/21,2026/8/21,Spaceship,.com,,
manong.org,2025/9/29,2027/9/29,Spaceship,.org,,
mantou.org,2014/5/8,2034/5/8,Spaceship,.org,,
maoyan.org,2024/11/14,2026/11/14,Spaceship,.org,,
mengniu.net,2005/6/29,2027/6/29,Spaceship,.net,,
mfbrc.com,1996/8/18,2027/4/1,Spaceship,.com,,
mianbao.org,2024/9/20,2026/9/20,Spaceship,.org,,
miandian.net,2009/1/9,2027/1/9,Spaceship,.net,,
mibiao.de,2026/2/5,2027/2/5,Spaceship,.de,,
mickey.im,2025/1/30,2027/2/1,Spaceship,.im,,
minder.im,2026/7/4,2027/7/5,Spaceship,.im,,
mingzhishan.com,2017/12/13,2027/12/13,Spaceship,.com,,TRUE
mingzi.org,2024/9/26,2026/9/26,Spaceship,.org,,
mirolaw.com,1997/8/8,2027/8/7,Spaceship,.com,,
mnas.net,2024/9/9,2026/9/9,Spaceship,.net,,
mpasskey.com,2025/1/14,2027/1/14,Spaceship,.com,,
muchuan.net,2008/2/17,2027/2/17,Spaceship,.net,,
muou.org,2025/9/5,2027/9/5,Spaceship,.org,,
mysco.de,2025/11/21,2026/11/21,Spaceship,.de,,
nas.codes,2026/7/7,2027/7/7,Spaceship,.codes,,
nassync.com,2025/6/11,2027/6/11,Spaceship,.com,,TRUE
nbv.org,2003/6/3,2027/6/3,Spaceship,.org,,TRUE
nextcandy.de,2026/2/3,2027/2/3,Spaceship,.de,,
nicetomeetyou.net,2003/12/17,2027/12/17,Spaceship,.net,,
niepan.net,2025/1/19,2027/1/19,Spaceship,.net,,
niuma.net,2010/11/28,2027/11/28,Spaceship,.net,,TRUE
niuma.org,2015/12/16,2027/12/16,Spaceship,.org,,TRUE
nnnnnn.net,2022/7/25,2027/7/25,Spaceship,.net,,
nodewarden.de,2026/3/3,2027/3/3,Spaceship,.de,,
npasskey.com,2025/2/18,2027/2/18,Spaceship,.com,,
npmco.de,2025/11/21,2026/11/21,Spaceship,.de,,
nvidia.im,2025/2/25,2027/2/27,Spaceship,.im,,
ooooo.net,2023/11/5,2028/11/5,Spaceship,.net,,TRUE
ooroo.de,2026/2/13,2027/2/13,Spaceship,.de,,
opasskey.com,2025/1/26,2027/1/26,Spaceship,.com,,
oqmail.com,2024/12/9,2026/12/9,Spaceship,.com,,
ouu.net,2000/1/20,2028/1/19,Spaceship,.net,,TRUE
paolu.org,2025/1/8,2027/1/8,Spaceship,.org,,
passkey.top,2025/1/23,2027/1/23,Spaceship,.top,,
passkeyx.com,2024/10/15,2026/10/15,Spaceship,.com,,
pintu.org,2013/11/21,2026/11/21,Spaceship,.org,,
postman.im,2025/5/4,2027/5/6,Spaceship,.im,,
ppasskey.com,2025/2/18,2027/2/18,Spaceship,.com,,
pppppp.net,2022/2/1,2027/2/1,Spaceship,.net,,
prcbox.com,2022/7/21,2034/7/21,Spaceship,.com,,
qfkz.com,2013/3/22,2034/5/20,Spaceship,.com,,TRUE
qiandao.org,2010/4/1,2027/4/1,Spaceship,.org,,
qiaokeli.net,2004/11/19,2026/11/19,Spaceship,.net,,
qidian.org,2025/2/26,2027/2/26,Spaceship,.org,,
qingdan.org,2024/9/11,2026/9/11,Spaceship,.org,,
qingfengdian.com,2023/6/12,2034/6/12,Spaceship,.com,,
qingfeng.org,2023/3/24,2034/8/28,Spaceship,.org,,TRUE
qingkong.org,2025/10/5,2027/10/5,Spaceship,.org,,
qingli.net,2024/8/12,2027/8/12,Spaceship,.net,,
qinglong.org,2023/4/29,2028/4/29,Spaceship,.org,,
qingzang.net,2007/4/29,2027/4/29,Spaceship,.net,,
qingzhou.org,2025/2/13,2027/2/13,Spaceship,.org,,
qpasskey.com,2025/2/18,2027/2/18,Spaceship,.com,,
qwo.net,2000/2/12,2028/1/11,Spaceship,.net,,TRUE
qyk.net,2000/5/30,2034/8/28,Spaceship,.net,,TRUE
rbook.org,2024/12/20,2026/12/20,Spaceship,.org,,
rdpclaw.com,2026/3/11,2027/3/11,Spaceship,.com,,
readerme.com,2009/4/23,2034/8/28,Spaceship,.com,,
reng.org,2015/1/23,2034/8/28,Spaceship,.org,,TRUE
renrenshu.com,2025/2/1,2027/2/1,Spaceship,.com,,
rhamster.com,2022/10/29,2026/10/29,Spaceship,.com,,
richang.org,2024/9/9,2026/9/9,Spaceship,.org,,
rpasskey.com,2025/2/18,2027/2/18,Spaceship,.com,,
rrblog.com,2009/8/8,2026/8/8,Spaceship,.com,,TRUE
ruoxing.com,2010/2/20,2027/2/20,Spaceship,.com,,
rustfs.de,2026/1/19,2027/1/19,Spaceship,.de,,
sample.im,2024/12/16,2026/12/18,Spaceship,.im,,
sb.baby,2025/9/25,2026/9/25,Spaceship,.baby,,
scsky.com,2005/7/25,2026/7/25,Spaceship,.com,,
seqing.org,2024/1/4,2028/1/4,Spaceship,.org,,
shangcheng.org,2010/2/23,2028/2/23,Spaceship,.org,,
shaonian.org,2014/12/3,2026/12/3,Spaceship,.org,,
shequn.org,2023/9/10,2026/9/10,Spaceship,.org,,
shijiazhuang.org,2025/11/16,2027/11/16,Spaceship,.org,,
shijimeng.com,2025/2/3,2027/2/3,Spaceship,.com,,
shoudao.org,2024/1/2,2027/1/2,Spaceship,.org,,
shuaige.org,2024/9/11,2026/9/11,Spaceship,.org,,TRUE
shuang.org,2002/9/20,2027/9/20,Spaceship,.org,,TRUE
shucheng.org,2023/11/28,2026/11/28,Spaceship,.org,,
shudian.org,2023/10/12,2027/10/12,Spaceship,.org,,
shudong.org,2024/5/5,2028/5/5,Spaceship,.org,,
shuqian.net,2012/11/2,2028/11/2,Spaceship,.net,,TRUE
shuqian.org,2024/8/5,2027/8/5,Spaceship,.org,,
silian.net,2010/8/2,2027/8/2,Spaceship,.net,,
sjzmail.com,2022/8/10,2034/8/10,Spaceship,.com,,
songshu.org,2023/2/6,2027/2/6,Spaceship,.org,,
soushu.de,2026/2/26,2027/2/26,Spaceship,.de,,
spaceinit.com,2023/12/1,2026/12/1,Spaceship,.com,,
ssblog.com,2008/2/20,2028/2/20,Spaceship,.com,,TRUE
suoshi.net,2025/1/25,2027/1/25,Spaceship,.net,,
suoshi.org,2024/9/9,2026/9/9,Spaceship,.org,,
superman.im,2024/12/15,2026/12/17,Spaceship,.im,,TRUE
synccat.com,2024/6/20,2027/6/20,Spaceship,.com,,
syncnas.com,2025/6/11,2027/6/11,Spaceship,.com,,
tengxunwang.com,2006/2/26,2028/2/26,Spaceship,.com,,
tiane.org,2024/9/22,2026/9/22,Spaceship,.org,,
tianmiai.com,2010/4/7,2027/4/7,Spaceship,.com,,
tianyan.org,2024/9/14,2026/9/14,Spaceship,.org,,
tianye.net,2000/5/24,2027/5/24,Spaceship,.net,,
timeamber.com,2023/8/13,2027/8/13,Spaceship,.com,,
tinder.im,2026/7/4,2027/7/5,Spaceship,.im,,
tinkerer.im,2026/7/4,2027/7/5,Spaceship,.im,,
tpasskey.com,2025/2/18,2027/2/18,Spaceship,.com,,
treenewbee.de,2025/11/20,2026/11/20,Spaceship,.de,,
treenewbee.org,2025/8/15,2027/8/15,Spaceship,.org,,TRUE
tubiao.org,2024/12/11,2026/12/11,Spaceship,.org,,
tuisong.org,2024/9/9,2026/9/9,Spaceship,.org,,
tusu.net,2025/2/4,2027/2/4,Spaceship,.net,,
ublog.net,2004/5/28,2027/5/28,Spaceship,.net,,
upasskey.com,2024/3/14,2027/3/14,Spaceship,.com,,
uqmail.com,2023/9/17,2026/9/17,Spaceship,.com,,
urdap.com,2026/1/23,2028/1/23,Spaceship,.com,,
vaultw.com,2023/12/20,2026/12/20,Spaceship,.com,,TRUE
vibecoding.living,2026/2/13,2027/2/13,Spaceship,.living,,
vibe-coding.my,2026/2/13,2027/2/13,Spaceship,.my,,
vqmail.com,2024/12/14,2026/12/14,Spaceship,.com,,
vvv.one,2020/10/27,2034/10/27,Spaceship,.one,,
wadult.com,2024/12/21,2026/12/21,Spaceship,.com,,
waft.net,2004/10/12,2026/10/12,Spaceship,.net,,
wanderer.im,2026/7/4,2027/7/5,Spaceship,.im,,
wanggang.im,2024/12/15,2026/12/17,Spaceship,.im,,
wanggang.net,2024/2/9,2034/2/9,Spaceship,.net,,TRUE
wangmuchuan.com,2019/6/25,2034/5/20,Spaceship,.com,,
wanmi.org,2024/3/27,2028/3/27,Spaceship,.org,,
wanwang.org,2026/1/18,2028/1/18,Spaceship,.org,,
wcorn.com,2025/3/18,2027/3/18,Spaceship,.com,,TRUE
webdav.im,2024/12/13,2026/12/15,Spaceship,.im,,
weizhi.org,2025/1/7,2027/1/7,Spaceship,.org,,
wenzhai.net,2024/4/20,2027/4/20,Spaceship,.net,,
whalefall.org,2025/2/12,2028/2/12,Spaceship,.org,,
wnovel.com,2023/10/23,2033/10/23,Spaceship,.com,,
wodepan.com,2009/6/26,2027/6/26,Spaceship,.com,,TRUE
womenclaw.com,2026/3/19,2027/3/19,Spaceship,.com,,
worini.com,2008/5/1,2027/5/1,Spaceship,.com,,
wozuo.de,2026/2/26,2027/2/26,Spaceship,.de,,
wpaste.com,2025/5/30,2027/5/30,Spaceship,.com,,
wukong.im,2024/12/12,2026/12/14,Spaceship,.im,,TRUE
wuu.net,2000/2/8,2027/11/8,Spaceship,.net,,
wwwwww.net,2024/12/29,2026/12/29,Spaceship,.net,,
xiangce.org,2024/9/12,2026/9/12,Spaceship,.org,,
xianhua.org,2024/11/26,2027/11/26,Spaceship,.org,,
xianxia.net,2025/1/18,2027/1/18,Spaceship,.net,,
xianxiaozhi.com,2024/12/26,2026/12/26,Spaceship,.com,,
xianzheshijian.com,2025/1/15,2027/1/15,Spaceship,.com,,
xiaoguidangjia.com,2025/1/24,2027/1/24,Spaceship,.com,,
xiaohua.org,2024/1/7,2028/1/7,Spaceship,.org,,
xiaoshe.de,2025/11/20,2026/11/20,Spaceship,.de,,
xiaoshede.com,2024/12/12,2026/12/12,Spaceship,.com,,
xiaoshuo.de,2026/6/6,2027/6/6,Spaceship,.de,,
xiaoshuoku.com,2005/11/24,2026/11/24,Spaceship,.com,,TRUE
xiaowenku.com,2013/6/3,2027/6/3,Spaceship,.com,,TRUE
xiaoyongyuan.com,2024/3/14,2027/3/14,Spaceship,.com,,
xinai.org,2025/3/31,2027/3/31,Spaceship,.org,,
xindalu.net,2008/1/21,2027/1/21,Spaceship,.net,,TRUE
xingchen.org,2025/9/8,2027/9/8,Spaceship,.org,,
xingchui.com,2011/9/14,2026/9/14,Spaceship,.com,,
xingming.org,2024/10/5,2026/10/5,Spaceship,.org,,
xingyun.org,2023/4/27,2027/4/27,Spaceship,.org,,TRUE
xingzhe.org,2024/9/9,2026/9/9,Spaceship,.org,,
xiniu.org,2024/9/14,2026/9/14,Spaceship,.org,,
xinkongjian.com,2003/8/5,2027/8/5,Spaceship,.com,,
xinshuwang.com,2017/2/1,2027/2/1,Spaceship,.com,,
xinwen.org,2005/1/13,2028/1/13,Spaceship,.org,,TRUE
xiong.org,2002/3/24,2028/3/24,Spaceship,.org,,TRUE
xmail.top,2024/12/25,2027/12/25,Spaceship,.top,,
xn--9kq.org,2023/4/28,2034/4/28,Spaceship,.org,,
xn--www.com,2026/2/22,2027/2/22,Spaceship,.com,,TRUE
xpasskey.com,2025/1/3,2028/1/3,Spaceship,.com,,
xwa.net,2000/1/20,2028/1/19,Spaceship,.net,,TRUE
xyz.xxx,2026/4/27,2027/4/27,Spaceship,.xxx,,
yadang.net,2006/9/3,2027/9/3,Spaceship,.net,,
yblog.net,2024/12/15,2026/12/15,Spaceship,.net,,
yinhun.net,2025/9/6,2027/9/6,Spaceship,.net,,
yinyue.org,2000/1/8,2028/1/8,Spaceship,.org,,TRUE
yisheng.org,2018/9/9,2026/9/9,Spaceship,.org,,
yongyuan.de,2026/6/6,2027/6/6,Spaceship,.de,,
youyong.de,2026/6/6,2027/6/6,Spaceship,.de,,
yunchang.net,2025/9/8,2027/9/8,Spaceship,.net,,
yunpan.org,2025/2/7,2028/2/7,Spaceship,.org,,TRUE
ywink.com,2024/8/4,2026/8/4,Spaceship,.com,,
yycode.com,2023/12/10,2026/12/10,Spaceship,.com,,
zaoan.org,2025/8/28,2027/8/28,Spaceship,.org,,
zengbie.com,2014/5/4,2027/5/4,Spaceship,.com,,
zhaichu.com,2009/9/2,2027/9/2,Spaceship,.com,,
zhei.net,2011/2/5,2027/2/5,Spaceship,.net,,
zhei.org,2024/9/11,2027/9/11,Spaceship,.org,,
zhenai.org,2025/2/3,2027/2/3,Spaceship,.org,,
zhinan.org,2025/1/29,2028/1/29,Spaceship,.org,,
zhongguoren.net,2024/12/11,2026/12/11,Spaceship,.net,,TRUE
zhongguotaiping.com,2023/12/13,2026/12/13,Spaceship,.com,,
zhuye.org,2026/1/29,2027/1/29,Spaceship,.org,,
znovel.com,2019/12/29,2026/12/29,Spaceship,.com,,
zuan.org,2025/2/12,2028/2/12,Spaceship,.org,,TRUE
zuoai.org,2010/4/20,2028/4/20,Spaceship,.org,,
zwu.net,2000/10/24,2026/10/24,Spaceship,.net,,TRUE
seagent.net,2026/7/11,2027/7/11,易名,.net,,
avbot.net,2026/7/11,2027/7/11,易名,.net,,
qixidi.net,2026/7/11,2027/7/11,易名,.net,,
8bot.net,2026/7/11,2027/7/11,易名,.net,,
1oa.net,2026/7/11,2027/7/11,易名,.net,,
diyiwang.com,2017/5/6,2027/5/6,易名,.com,,
888320.xyz,2026/7/11,2027/7/12,易名,.xyz,,
erheyi.com,2014/5/5,2027/5/5,易名,.com,,
888310.xyz,2026/7/10,2027/7/11,易名,.xyz,,
888326.xyz,2026/7/5,2027/7/6,易名,.xyz,,
yhm.cc,2011/4/28,2027/4/28,易名,.cc,,
zhuama.cn,2026/4/5,2028/4/5,易名,.cn,,
ybc.cc,2013/4/25,2027/4/25,易名,.cc,,
xiaoqingxu.com,2025/4/24,2027/4/24,易名,.com,,
itm.cc,2026/6/26,2027/6/26,易名,.cc,,
888389.xyz,2026/6/27,2027/6/27,易名,.xyz,,
upo.cc,2014/4/21,2027/4/21,易名,.cc,,
5555555.com.cn,2026/6/6,2027/6/6,易名,.com.cn,,
85660.com,2012/4/15,2027/4/15,易名,.com,,
888677.xyz,2026/6/23,2027/6/24,易名,.xyz,,
89710.com,2013/9/22,2026/9/22,易名,.com,,
mdinns.com,1996/9/22,2026/9/21,易名,.com,,
888718.xyz,2026/6/17,2027/6/18,易名,.xyz,,
888240.xyz,2026/6/15,2027/6/16,易名,.xyz,,
888210.xyz,2026/6/15,2027/6/16,易名,.xyz,,
888270.xyz,2026/6/15,2027/6/16,易名,.xyz,,
888260.xyz,2026/6/15,2027/6/16,易名,.xyz,,
888280.xyz,2026/6/15,2027/6/16,易名,.xyz,,
888300.xyz,2026/6/15,2027/6/16,易名,.xyz,,
zyn.cc,2012/4/10,2027/4/10,易名,.cc,,
pap.cc,2010/4/10,2027/4/10,易名,.cc,,
888583.xyz,2026/6/12,2027/6/13,易名,.xyz,,
888783.xyz,2026/6/12,2027/6/13,易名,.xyz,,
888286.xyz,2026/6/9,2027/6/10,易名,.xyz,,
888150.xyz,2026/6/6,2027/6/7,易名,.xyz,,
xiaohuzi.com,2009/4/1,2027/4/1,易名,.com,,
anm.cc,2014/4/1,2027/4/1,易名,.cc,,
hyq.cc,2011/3/31,2027/3/31,易名,.cc,,
baiweixuan.com,2007/3/31,2027/3/31,易名,.com,,
qiuluan.com,2014/3/29,2027/3/29,易名,.com,,
qiluren.com,2015/3/29,2027/3/29,易名,.com,,
888069.xyz,2026/6/3,2027/6/4,易名,.xyz,,
ccccccccccccccccccccccccccccccccccccccccccccccccccccc.cc,2025/10/28,2026/10/28,易名,.cc,,
888939.xyz,2024/12/3,2035/12/4,易名,.xyz,,
888093.xyz,2025/9/9,2027/9/10,易名,.xyz,,
8888884.xyz,2024/2/2,2035/2/3,易名,.xyz,,
888319.xyz,2025/9/9,2027/9/10,易名,.xyz,,
888316.xyz,2025/9/9,2027/9/10,易名,.xyz,,
888772.xyz,2025/9/9,2027/9/10,易名,.xyz,,
8888848.xyz,2024/3/13,2035/3/14,易名,.xyz,,
888192.xyz,2024/12/27,2035/12/28,易名,.xyz,,
888235.xyz,2025/9/9,2027/9/10,易名,.xyz,,
888103.xyz,2025/9/9,2027/9/10,易名,.xyz,,
888697.xyz,2025/9/9,2027/9/10,易名,.xyz,,
888097.xyz,2025/9/9,2027/9/10,易名,.xyz,,
888303.xyz,2024/2/29,2036/2/29,易名,.xyz,,
888312.xyz,2024/12/27,2035/12/28,易名,.xyz,,
888094.xyz,2025/9/9,2027/9/10,易名,.xyz,,
888607.xyz,2025/9/9,2027/9/10,易名,.xyz,,
888127.xyz,2025/9/9,2027/9/10,易名,.xyz,,
888189.xyz,2021/9/29,2035/9/29,易名,.xyz,,
428888.xyz,2024/2/2,2035/2/3,易名,.xyz,,
888931.xyz,2025/9/9,2027/9/10,易名,.xyz,,
888932.xyz,2025/9/9,2027/9/10,易名,.xyz,,
888903.xyz,2025/9/9,2027/9/10,易名,.xyz,,
888779.xyz,2025/9/9,2027/9/10,易名,.xyz,,
1555555.xyz,2024/2/2,2035/2/3,易名,.xyz,,
1333333.xyz,2024/3/13,2035/3/14,易名,.xyz,,
888107.xyz,2025/9/9,2027/9/10,易名,.xyz,,
888701.xyz,2025/9/9,2027/9/10,易名,.xyz,,
9222222.xyz,2024/12/27,2035/12/28,易名,.xyz,,
888026.xyz,2025/9/9,2027/9/10,易名,.xyz,,
aishuishui.com,2009/3/15,2027/3/15,易名,.com,,
8nu.cn,2026/2/14,2028/2/14,易名,.cn,,
om2.cn,2026/3/2,2028/3/2,易名,.cn,,
888203.xyz,2025/9/9,2035/9/10,易名,.xyz,,
nextblog.cn,2026/1/24,2028/1/24,易名,.cn,,
nextcandy.cn,2026/2/3,2028/2/3,易名,.cn,,
zhailu.cn,2024/1/5,2028/1/5,易名,.cn,,
tempmail.com.cn,2025/1/13,2029/1/13,易名,.com.cn,,TRUE
ccoopg.com.cn,2019/11/23,2032/11/23,易名,.com.cn,,
zaxiang.cn,2023/11/10,2027/11/10,易名,.cn,,
wangmuchuan.cn,2022/6/16,2034/6/16,易名,.cn,,
coopfn.cn,2019/11/19,2031/11/19,易名,.cn,,
novel.org.cn,2026/5/4,2027/5/4,易名,.org.cn,,
0o7.cn,2026/5/4,2027/5/4,易名,.cn,,
36m.cn,2026/5/1,2027/5/1,易名,.cn,,
36z.cn,2026/5/1,2027/5/1,易名,.cn,,
cs0.cn,2026/4/30,2027/4/30,易名,.cn,,
1x6.cn,2026/4/30,2027/4/30,易名,.cn,,
8ot.cn,2026/4/29,2027/4/29,易名,.cn,,
70k.cn,2026/5/1,2027/5/1,易名,.cn,,
x0d.com,2026/4/23,2027/4/23,易名,.com,,
homemail.cn,2023/10/4,2029/10/4,易名,.cn,,
alr.cn,2003/3/10,2036/1/24,易名,.cn,,TRUE
umm.com.cn,2024/9/27,2027/9/27,易名,.com.cn,,
8-6.cn,2024/8/30,2027/8/30,易名,.cn,,
nickname.cn,2024/10/3,2027/10/3,易名,.cn,,
homage.cn,2024/10/14,2027/10/14,易名,.cn,,
mingnian.cn,2011/3/26,2028/3/26,易名,.cn,,
tempemail.cn,2025/7/5,2028/7/5,易名,.cn,,
1na.cn,2023/8/8,2028/8/8,易名,.cn,,
catch-all.cn,2025/10/9,2027/10/9,易名,.cn,,
05x.cn,2024/2/19,2028/2/20,易名,.cn,,
dogmail.cn,2025/11/10,2027/11/10,易名,.cn,,
shouqian.net,2015/2/13,2027/2/13,易名,.net,,
d8t.cn,2026/3/28,2027/3/28,易名,.cn,,
80k.cn,2026/3/17,2027/3/17,易名,.cn,,
息壤.cn,2026/3/20,2027/3/20,易名,.cn,,
0pt.cn,2026/3/16,2027/3/16,易名,.cn,,
5dp.cn,2026/3/15,2027/3/15,易名,.cn,,
8si.cn,2026/3/15,2027/3/15,易名,.cn,,
haomiwu.com,2026/3/17,2027/3/17,易名,.com,,
dingzhou.cc,2009/3/18,2027/3/18,易名,.cc,,
jingtong.net,2009/12/28,2026/12/28,易名,.net,,
ufw.com.cn,2006/2/9,2027/2/9,易名,.com.cn,,
earth.net.cn,2026/2/24,2027/2/24,易名,.net.cn,,
iwp.cc,2012/11/29,2026/11/29,易名,.cc,,
or2.com.cn,2025/7/25,2027/7/25,易名,.com.cn,,
v.hn.cn,2026/1/25,2028/1/25,易名,.hn.cn,,
abandon.cn,2026/1/18,2028/1/18,易名,.cn,,
huawang.net,2007/11/8,2026/11/8,易名,.net,,
122333444455555666666777777788888888999999999.cn,2026/1/7,2027/1/7,易名,.cn,,
panda.yun,2025/12/12,2026/12/12,易名,.yun,,
frog.yun,2025/12/12,2026/12/12,易名,.yun,,
baike.yun,2025/12/12,2026/12/12,易名,.yun,,
example.yun,2025/12/12,2026/12/12,易名,.yun,,
pixel.yun,2025/12/12,2026/12/12,易名,.yun,,
manhua.yun,2025/12/12,2026/12/12,易名,.yun,,
wode.yun,2025/12/12,2026/12/12,易名,.yun,,
xiaoshuo.yun,2025/12/12,2026/12/12,易名,.yun,,
choumin.com,2012/8/10,2026/8/10,易名,.com,,
rbook.cn,2025/3/7,2027/3/7,易名,.cn,,
mimail.cn,2025/2/4,2027/2/4,易名,.cn,,
shaohou.cn,2025/1/22,2027/1/22,易名,.cn,,
baipao.cn,2025/2/13,2027/2/13,易名,.cn,,
ranmeng.cn,2025/2/22,2027/2/22,易名,.cn,,
nianbai.cn,2025/1/15,2027/1/15,易名,.cn,,
lianse.cn,2025/2/13,2027/2/13,易名,.cn,,
nearly.cn,2023/9/8,2027/9/8,易名,.cn,,
圕.中国,2026/3/15,2027/3/15,易名,.中国,,
圕.cn,2026/3/15,2027/3/15,易名,.cn,,
liaotian.cc,2011/5/25,2027/5/25,易名,.cc,,
xar.cc,2013/5/20,2027/5/20,易名,.cc,,
cmn.cc,2023/5/16,2027/5/16,易名,.cc,,
xom.cc,2014/5/12,2027/5/12,易名,.cc,,
365.pm,2026/1/24,2027/1/24,Dynadot,.pm,,
abuse.pm,2025/12/17,2026/12/17,Dynadot,.pm,,
after.pm,2025/12/17,2026/12/17,Dynadot,.pm,,
android.pm,2026/1/27,2027/1/27,Dynadot,.pm,,
arklaboratory.com,2025/10/21,2026/10/21,Dynadot,.com,,
atom.pm,2025/12/17,2026/12/17,Dynadot,.pm,,
basic.pm,2025/12/17,2026/12/17,Dynadot,.pm,,
bestto.you,2025/10/8,2026/10/8,Dynadot,.you,,
blog.ec,2026/7/1,2027/7/1,Dynadot,.ec,,
boss.pm,2025/12/17,2026/12/17,Dynadot,.pm,,
canihelp.you,2025/10/7,2026/10/7,Dynadot,.you,,
codeunfurl.com,2025/10/21,2027/10/21,Dynadot,.com,,
coding.pm,2025/12/18,2026/12/18,Dynadot,.pm,,
denoclaw.com,2026/3/19,2027/3/19,Dynadot,.com,,
der.pm,2025/12/17,2026/12/17,Dynadot,.pm,,
digitalcandy.org,2026/4/2,2027/4/2,Dynadot,.org,,
digitalsumeru.com,2026/1/8,2027/1/8,Dynadot,.com,,
digitalsumeru.online,2026/1/8,2027/1/9,Dynadot,.online,,
frog.pm,2025/12/17,2026/12/17,Dynadot,.pm,,
gitlaboratory.com,2025/10/21,2026/10/21,Dynadot,.com,,
goodtosee.you,2025/10/7,2026/10/7,Dynadot,.you,,
hid.pm,2025/12/18,2026/12/18,Dynadot,.pm,,
hope.re,2026/1/27,2027/1/27,Dynadot,.re,,
ios.pm,2025/12/18,2026/12/18,Dynadot,.pm,,
kan.pm,2025/12/24,2026/12/24,Dynadot,.pm,,
library.pm,2025/12/17,2026/12/17,Dynadot,.pm,,
mail.blog,2026/4/13,2027/4/13,Dynadot,.blog,,TRUE
manga.pm,2025/12/17,2026/12/17,Dynadot,.pm,,
mao.pm,2025/12/17,2026/12/17,Dynadot,.pm,,
mmm.pm,2025/12/17,2026/12/17,Dynadot,.pm,,
nat.pm,2025/12/17,2026/12/17,Dynadot,.pm,,
noraclaw.com,2026/3/19,2027/3/19,Dynadot,.com,,
nothank.you,2025/10/7,2026/10/7,Dynadot,.you,,TRUE
okbak.com,2025/7/24,2026/7/24,Dynadot,.com,,
orz.re,2026/1/23,2028/1/23,Dynadot,.re,,
paradise.pm,2025/12/17,2026/12/17,Dynadot,.pm,,
pastecho.com,2025/7/23,2026/7/23,Dynadot,.com,,
pic.pm,2025/12/17,2026/12/17,Dynadot,.pm,,
pixelcn.com,2025/11/18,2026/11/18,Dynadot,.com,,
pixelcn.info,2025/11/18,2026/11/18,Dynadot,.info,,
pixelcn.online,2025/11/18,2026/11/19,Dynadot,.online,,
pixelfrag.com,2025/11/18,2026/11/18,Dynadot,.com,,
pixelfrag.info,2025/11/18,2026/11/18,Dynadot,.info,,
pixelfrag.online,2025/11/18,2026/11/19,Dynadot,.online,,
rdap.pm,2026/1/23,2027/1/23,Dynadot,.pm,,
rdap.re,2026/1/23,2027/1/23,Dynadot,.re,,
sino.pm,2025/12/17,2026/12/17,Dynadot,.pm,,
smartclawbot.com,2026/3/11,2027/3/11,Dynadot,.com,,
smartclawbot.org,2026/3/11,2027/3/11,Dynadot,.org,,
song.pm,2025/12/17,2026/12/17,Dynadot,.pm,,
sourcecodelaboratory.com,2025/10/21,2026/10/21,Dynadot,.com,,
storage.pm,2026/1/26,2027/1/26,Dynadot,.pm,,
tempruin.com,2025/7/23,2026/7/23,Dynadot,.com,,
text.pm,2025/12/17,2026/12/17,Dynadot,.pm,,
tmd.pm,2025/12/17,2026/12/17,Dynadot,.pm,,
tom.pm,2026/1/1,2027/1/1,Dynadot,.pm,,
ttt.pm,2025/12/17,2026/12/17,Dynadot,.pm,,
ue.lc,2024/2/27,2027/2/27,Dynadot,.lc,,
universe.pm,2025/12/17,2026/12/17,Dynadot,.pm,,
usr.pm,2025/12/18,2026/12/18,Dynadot,.pm,,
vibe-coding.one,2026/2/13,2027/2/13,Dynadot,.one,,
vibecoding.homes,2026/2/13,2027/2/14,Dynadot,.homes,,
vibecoding.moe,2026/2/13,2027/2/13,Dynadot,.moe,,
voice.re,2026/1/15,2027/1/15,Dynadot,.re,,
wang.pm,2025/12/17,2026/12/17,Dynadot,.pm,,
webdavs.com,2025/7/24,2027/7/24,Dynadot,.com,,
xin.pm,2025/12/17,2026/12/17,Dynadot,.pm,,
xinzhi.app,2025/12/30,2026/12/30,Dynadot,.app,,TRUE
xinzhi.page,2025/12/30,2026/12/30,Dynadot,.page,,
偃师.com,2026/3/20,2027/3/20,Dynadot,.com,,
息壤.com,2026/3/20,2027/3/20,Dynadot,.com,,
zip.pm,2025/12/17,2026/12/17,Dynadot,.pm,,
domainname.directory,2025/8/9,2026/8/9,Porkbun,.directory,,
oldking.org,2025/8/27,2026/8/27,Porkbun,.org,,
mingxing.org,2025/8/30,2026/8/30,Porkbun,.org,,
tongshu.org,2025/9/4,2026/9/4,Porkbun,.org,,
yanhuo.org,2025/9/21,2026/9/21,Porkbun,.org,,
plog.my,2025/10/10,2026/10/10,Porkbun,.my,,
plog.you,2025/10/10,2026/10/10,Porkbun,.you,,
vlog.you,2025/10/10,2026/10/10,Porkbun,.you,,
imz.cc,2011/1/15,2027/1/15,Porkbun,.cc,,
wanmi.de,2026/2/3,2027/2/3,Porkbun,.de,,
haohe.de,2026/2/3,2027/2/3,Porkbun,.de,,
digitalde.de,2026/2/3,2027/2/3,Porkbun,.de,,
mdomain.de,2026/2/3,2027/2/3,Porkbun,.de,,
dav.cc,2025/2/9,2027/2/9,Porkbun,.cc,,
ios.ooo,2025/2/25,2027/2/25,Porkbun,.ooo,,
tom.ooo,2025/3/4,2027/3/4,Porkbun,.ooo,,TRUE
opc.cx,2026/3/12,2027/3/12,Porkbun,.cx,,
qfd.cc,2014/3/28,2027/3/28,Porkbun,.cc,,
ganhuo.de,2026/3/30,2027/3/30,Porkbun,.de,,
mailbox.xxx,2026/4/7,2027/4/7,Porkbun,.xxx,,TRUE
chixi.de,2026/4/13,2027/4/13,Porkbun,.de,,
mailbox.wang,2023/5/17,2027/5/17,Porkbun,.wang,,
inbox.wang,2023/5/17,2027/5/17,Porkbun,.wang,,
memo.wang,2023/5/17,2027/5/17,Porkbun,.wang,,
hbu.cc,2010/7/21,2027/7/21,Porkbun,.cc,,
xgy.cc,2014/9/4,2027/9/4,Porkbun,.cc,,
deno.cc,2015/9/25,2027/9/25,Porkbun,.cc,,
nla.cc,2014/11/3,2027/11/3,Porkbun,.cc,,
yno.cc,2014/11/3,2027/11/3,Porkbun,.cc,,
ibj.cc,2022/11/29,2027/11/29,Porkbun,.cc,,
hgm.cc,2015/12/25,2027/12/25,Porkbun,.cc,,
ima.cc,2026/2/24,2028/2/24,Porkbun,.cc,,
xinzhi.cc,2016/3/6,2028/3/6,Porkbun,.cc,,
xiexie.cc,2008/4/1,2028/4/1,Porkbun,.cc,,
novel.ooo,2023/7/12,2032/7/12,Porkbun,.ooo,,TRUE
memo.ooo,2023/8/4,2032/8/4,Porkbun,.ooo,,TRUE
note.ooo,2022/3/22,2033/3/22,Porkbun,.ooo,,TRUE
mx.ooo,2015/5/12,2033/5/12,Porkbun,.ooo,,TRUE
huawei.day,2023/5/12,2034/9/8,Porkbun,.day,,
samsung.day,2023/5/12,2034/9/8,Porkbun,.day,,
justwe.com.cn,2026/7/4,2027/7/4,聚域,.com.cn,,
chatbotchina.com,2026/7/1,2027/7/1,聚域,.com,,
shuwu.net,2026/7/1,2027/7/1,聚域,.net,,
xinpian.org,2025/5/19,2027/5/19,聚域,.org,,
xiaoboke.com,2007/4/27,2028/4/27,聚域,.com,,
chinai.org,2024/5/6,2027/5/6,聚域,.org,,
baicai.org,2007/4/19,2027/4/19,聚域,.org,,
zjj.org,2026/4/6,2027/4/6,聚域,.org,,TRUE
nasnote.com,2026/4/24,2027/4/24,聚域,.com,,
shangwang.net,2020/2/3,2027/2/3,聚域,.net,,
digitalhaven.org,2026/2/19,2027/2/19,聚域,.org,,
soutu.org,2025/11/10,2026/11/10,聚域,.org,,
qishi.org,2025/10/13,2026/10/13,聚域,.org,,
zuimail.com,2025/9/30,2026/9/30,聚域,.com,,
sbook.net,2025/10/2,2026/10/2,聚域,.net,,
laotie.org,2025/9/13,2026/9/13,聚域,.org,,
huamao.org,2023/8/20,2026/8/20,聚域,.org,,
mitang.org,2025/9/7,2026/9/7,聚域,.org,,
luoshu.net,2025/9/7,2026/9/7,聚域,.net,,
nasou.net,2025/9/7,2026/9/7,聚域,.net,,
xiaojie.org,2010/8/2,2026/8/2,聚域,.org,,
guanyu.org,2012/7/26,2026/7/26,聚域,.org,,
treenewbee.one,2025/8/15,2026/8/15,聚域,.one,,
senlin.org,2025/7/20,2026/7/20,聚域,.org,,
digitaLgarden.cn,2026/5/14,2027/5/14,17EX,.cn,,
uz9.cn,2019/2/2,2027/2/2,17EX,.cn,,
wy6.cn,2021/1/28,2027/1/28,17EX,.cn,,
61u.cn,2026/5/9,2027/5/9,17EX,.cn,,
is5.cn,2026/5/6,2027/5/6,17EX,.cn,,
localhostcloud.com,2026/7/6,2027/7/6,中资源,.com,,
firstmail.cn,2026/7/6,2027/7/6,中资源,.cn,,
vipemail.cn,2026/7/6,2027/7/6,中资源,.cn,,
freeemail.cn,2026/7/6,2027/7/6,中资源,.cn,,
openemail.cn,2026/7/6,2027/7/6,中资源,.cn,,
privatemail.cn,2026/7/6,2027/7/6,中资源,.cn,,
6key.cn,2026/4/13,2027/4/13,中资源,.cn,,
1email.cn,2026/7/6,2027/7/6,中资源,.cn,,
applemail.cn,2026/7/6,2027/7/6,中资源,.cn,,
mailto.com.cn,2026/7/5,2027/7/5,中资源,.com.cn,,
dshunter.com,2026/6/29,2027/6/29,中资源,.com,,
trie.cn,2026/6/21,2027/6/21,中资源,.cn,,
listingtop.com,2026/6/6,2027/6/6,中资源,.com,,
hintmail.com,2026/6/4,2027/6/4,中资源,.com,,
atopmail.com,2026/6/4,2027/6/4,中资源,.com,,
jiffmail.com,2026/6/4,2027/6/4,中资源,.com,,
awoe.cn,2026/5/27,2027/5/27,中资源,.cn,,
glist.cn,2026/5/22,2027/5/22,中资源,.cn,,
opcto.com,2026/5/20,2027/5/20,中资源,.com,,
naslist.com,2026/4/27,2027/4/27,中资源,.com,,
mfile.cn,2026/4/27,2027/4/27,中资源,.cn,,
inotify.com.cn,2026/4/20,2027/4/20,中资源,.com.cn,,
inotify.cn,2026/4/20,2027/4/20,中资源,.cn,,
nlist.cn,2026/4/19,2027/4/19,中资源,.cn,,
daciku.com,2026/4/9,2027/4/9,中资源,.com,,
alwayssite.com,2026/4/9,2027/4/9,中资源,.com,,
vlist.cn,2026/4/9,2027/4/9,中资源,.cn,,
auroramber.com,2026/4/7,2027/4/7,中资源,.com,,
timeamber.cn,2026/4/7,2027/4/7,中资源,.cn,,
spasskey.com,2026/4/2,2027/4/2,中资源,.com,,
mima.net.cn,2026/3/29,2027/3/29,中资源,.net.cn,,
croak.cn,2026/3/27,2027/3/27,中资源,.cn,,
cy.he.cn,2026/3/25,2027/3/25,中资源,.he.cn,,
1vault.cn,2026/3/23,2027/3/23,中资源,.cn,,
opccat.com,2026/3/20,2027/3/20,中资源,.com,,
aboutit.cn,2026/3/19,2027/3/19,中资源,.cn,,
allinoneclaw.com,2026/3/19,2027/3/19,中资源,.com,,
beetleclaw.com,2026/3/19,2027/3/19,中资源,.com,,
dogsclaw.com,2026/3/19,2027/3/19,中资源,.com,,
sisclaw.com,2026/3/19,2027/3/19,中资源,.com,,
infococoon.com,2026/3/12,2027/3/12,中资源,.com,,
webcocoon.com,2026/3/12,2027/3/12,中资源,.com,,
informationclaw.com,2026/3/11,2027/3/11,中资源,.com,,
hamsterclaw.com,2026/3/11,2027/3/11,中资源,.com,,
holyshit.com.cn,2026/3/9,2027/3/9,中资源,.com.cn,,
nodewarden.cn,2026/3/3,2027/3/3,中资源,.cn,,
999999999888888887777777666666555554444333221.com,2026/3/3,2027/3/3,中资源,.com,,
mearchive.com,2026/2/28,2027/2/28,中资源,.com,,
domainhub.com.cn,2026/2/24,2027/2/24,中资源,.com.cn,,
crawserver.com,2026/2/21,2027/2/21,中资源,.com,,
namecraw.com,2026/2/21,2027/2/21,中资源,.com,,
prompts.net.cn,2026/2/14,2027/2/14,中资源,.net.cn,,
gpucoding.com,2026/2/13,2027/2/13,中资源,.com,,
arbitrarycoding.com,2026/2/13,2027/2/13,中资源,.com,,
vibe-coding.org.cn,2026/2/13,2027/2/13,中资源,.org.cn,,
vibe-coding.net.cn,2026/2/13,2027/2/13,中资源,.net.cn,,
cabyss.com,2026/1/29,2027/1/29,中资源,.com,,
hsilo.com,2026/1/29,2027/1/29,中资源,.com,,
luckycandies.com,2026/1/26,2027/1/26,中资源,.com,,
candyhouse.com.cn,2026/1/26,2027/1/26,中资源,.com.cn,,
luckycandy.com.cn,2026/1/26,2027/1/26,中资源,.com.cn,,
domaincandies.com,2026/1/26,2027/1/26,中资源,.com,,
candys.com.cn,2026/1/24,2027/1/24,中资源,.com.cn,,
digitalcandy.cn,2026/1/24,2027/1/24,中资源,.cn,,
rdapi.cn,2026/1/23,2027/1/23,中资源,.cn,,
ardap.cn,2026/1/23,2027/1/23,中资源,.cn,,
mrdap.com,2026/1/23,2027/1/23,中资源,.com,,
qrdap.com,2026/1/23,2027/1/23,中资源,.com,,
dnmgt.cn,2026/1/19,2027/1/19,中资源,.cn,,
nasy.cn,2026/1/18,2027/1/18,中资源,.cn,,
dnsmgr.cn,2026/1/9,2027/1/9,中资源,.cn,,
transerver.cn,2026/1/7,2027/1/7,中资源,.cn,,
novel.uno,2023/7/12,2033/7/12,西部数码,.uno,,
android.cx,2024/6/14,2027/6/14,西部数码,.cx,,
us.ac.cn,2024/5/11,2034/5/11,西部数码,.ac.cn,,
kanshu.online,2024/10/31,2034/10/31,西部数码,.online,,
blessmeet.cn,2025/2/27,2027/2/27,西部数码,.cn,,
digitalgarden.cc,2025/5/26,2035/5/26,西部数码,.cc,,
chenshe.cn,2023/12/27,2026/12/27,西部数码,.cn,,
shengkou.cn,2025/2/21,2027/2/21,西部数码,.cn,,
ouf.com.cn,2025/2/1,2027/2/1,西部数码,.com.cn,,
domaindirectory.cn,2025/8/9,2026/8/9,西部数码,.cn,,
digitalhaven.cn,2025/8/11,2026/8/11,西部数码,.cn,,
digitalarchive.cn,2025/8/18,2026/8/18,西部数码,.cn,,
domainforsale.cc,2025/8/29,2035/8/29,西部数码,.cc,,
domainname-forsale.com,2025/9/6,2026/9/6,西部数码,.com,,
digitalgarden.com.cn,2025/5/25,2027/5/25,西部数码,.com.cn,,
aimiou.com,2026/1/23,2027/1/23,西部数码,.com,,
tanzui.cn,2025/3/15,2027/3/15,西部数码,.cn,,
0r2.cn,2026/4/12,2027/4/12,西部数码,.cn,,
cccccccccccccccccccccccc.cc,2026/6/2,2036/6/2,西部数码,.cc,,
malou.cc,2026/6/17,2036/6/17,西部数码,.cc,,
myself.top,2026/6/27,2036/6/27,西部数码,.top,,
usa.ac.cn,2023/12/1,2033/12/1,阿里云,.ac.cn,,
hoarder.top,2025/12/16,2035/12/16,阿里云,.top,,
wgws.top,2019/3/11,2029/3/11,阿里云,.top,,
frog.cyou,2025/8/9,2026/8/10,阿里云,.cyou,,
子曰.我爱你,2019/9/26,2029/9/26,阿里云,.我爱你,,
allinone.top,2026/5/17,2036/5/17,阿里云,.top,,
podman.space,2024/4/1,2034/4/2,阿里云,.space,,
rdds.top,2025/8/13,2035/8/13,阿里云,.top,,
mailbox.xin,2024/12/30,2026/12/30,阿里云,.xin,,
aaaa.cloud,2023/8/30,2026/8/30,阿里云,.cloud,,
wanggang.fun,2021/6/23,2031/6/24,阿里云,.fun,,
index.cyou,2024/12/30,2034/12/31,阿里云,.cyou,,
password.xin,2026/4/15,2027/4/15,阿里云,.xin,,
domainforsale.store,2025/8/9,2026/8/10,阿里云,.store,,
bitwarden.fun,2020/5/4,2030/5/4,腾讯云,.fun,,
okey.icu,2020/11/9,2030/11/9,腾讯云,.icu,,
王刚.top,2021/6/24,2027/6/24,腾讯云,.top,,
mpic.cc,2022/3/16,2032/3/16,腾讯云,.cc,,
muchuan.wang,2022/6/16,2032/6/16,腾讯云,.wang,,
wgwwss.wang,2018/7/2,2028/7/2,腾讯云,.wang,,
vault.wang,2026/3/23,2027/3/23,腾讯云,.wang,,
amber.email,2026/3/30,2027/3/30,腾讯云,.email,,
aio.show,2026/4/7,2027/4/7,腾讯云,.show,,
allinone.host,2026/4/7,2036/4/7,腾讯云,.host,,
catch.email,2026/6/8,2027/6/7,腾讯云,.email,,
domainname.show,2026/7/12,2027/7/11,腾讯云,.show,,
69999.org,2015/6/1,2033/9/8,WordPress,.org,,
applemail.net,2023/6/19,2033/9/8,WordPress,.net,,
gonghe.org,2023/6/7,2033/9/8,WordPress,.org,,
helloemail.org,2023/5/4,2033/9/8,WordPress,.org,,
ibeijing.org,2022/9/23,2033/9/8,WordPress,.org,,
iwink.org,2023/5/4,2033/9/8,WordPress,.org,,
mailcn.org,2022/9/23,2033/9/8,WordPress,.org,,
qingfengke.org,2022/9/23,2033/9/8,WordPress,.org,,
samsungmail.net,2023/6/20,2033/9/8,WordPress,.net,,
wppp.net,2015/10/14,2033/9/8,WordPress,.net,,
yeyu.org,2009/11/25,2033/9/8,WordPress,.org,,
zuguo.org,2012/3/1,2033/9/8,WordPress,.org,,
89000.net,2019/8/29,2033/8/29,WordPress,.net,,
gedan.org,2022/7/22,2033/7/22,WordPress,.org,,
tempuser.net,2023/7/17,2033/7/17,WordPress,.net,,
bjmail.org,2023/7/5,2033/7/5,WordPress,.org,,
11.fyi,2019/10/26,2032/10/26,WordPress,.fyi,,
qingfengke.net,2022/9/23,2032/9/23,WordPress,.net,,
snote.org,2022/8/18,2032/8/18,WordPress,.org,,
hnovel.net,2023/7/12,2032/7/12,WordPress,.net,,
onovel.net,2023/7/12,2032/7/12,WordPress,.net,,
98168.net,2000/2/29,2032/3/1,WordPress,.net,,
1024.bar,2022/2/15,2032/2/15,WordPress,.bar,,
00.uno,2021/12/1,2031/12/1,WordPress,.uno,,
qfk.me,2023/4/4,2030/4/4,WordPress,.me,,
yuju.org,2002/3/27,2027/3/27,WordPress,.org,,
525788.com,2014/10/12,2026/10/12,WordPress,.com,,
samsung.bar,2022/9/25,2026/9/25,WordPress,.bar,,
008007.com,2013/8/27,2026/8/27,WordPress,.com,,
worker.im,2026/6/14,2027/6/14,Yay,.im,,
chinaunlock.com,2026/6/22,2027/6/22,NameBright,.com,,
feichai.net,2026/6/17,2027/6/17,NameBright,.net,,
park.re,2026/4/2,2027/4/2,Hostinger,.re,,
ship.re,2026/4/2,2027/4/2,Hostinger,.re,,
huangtu.net,2024/3/30,2027/3/30,DotWee,.net,,
aie.ee,2026/2/2,2027/2/3,INWX,.ee,,
ecy.ee,2026/3/25,2027/3/26,INWX,.ee,,
zhinao.ee,2026/3/25,2027/3/26,INWX,.ee,,
mi.kiwi,2026/2/27,2027/2/27,Regery,.kiwi,,
storage.cat,2025/1/31,2027/1/31,Regery,.cat,,
is.edu.kg,2025/6/24,2029/6/23,Cctld.kg,.edu.kg,,
im.edu.kg,2026/5/20,2027/5/20,Cctld.kg,.edu.kg,,
now.cat,2025/9/29,2026/9/29,cdmon,.cat,,
king.ooo,2026/6/29,2027/6/30,Nicnames,.ooo,,
sos.ooo,2026/4/5,2027/4/4,Nicnames,.ooo,,
onl.ist,2026/2/14,2027/2/13,Nicnames,.ist,,
gptmeow.com,2026/2/10,2027/2/10,Squarespace,.com,,
mail.wiki,2022/11/24,2031/11/24,Squarespace,.wiki,,TRUE
xiaolixiang.com,2026/6/3,2027/6/3,Squarespace,.com,,
fuckai.site,2026/4/10,2027/4/10,NameCheap,.site,,TRUE
madao.im,2026/6/18,2027/6/18,NameCheap,.im,,
nas.is,2025/3/12,2027/3/12,NameCheap,.is,,TRUE
nasnext.com,2025/1/14,2027/1/14,NameCheap,.com,,
otz.im,2026/1/24,2027/1/24,NameCheap,.im,,
paohui.net,2025/8/16,2026/8/16,NameCheap,.net,,
raspberry.im,2026/2/4,2027/2/4,NameCheap,.im,,
yu.is,2025/7/15,2027/7/15,netcetera,.is,,TRUE
dp.do,2026/5/6,2027/5/6,midominio,.do,,
photo.do,2026/2/26,2027/2/26,midominio,.do,,
todo.do,2026/2/14,2027/2/14,midominio,.do,,
vs.do,2025/10/9,2026/10/9,midominio,.do,,
ym.do,2025/9/28,2026/9/28,midominio,.do,,
dog.do,2025/6/14,2027/6/14,midominio,.do,,
hualang.org,2025/8/24,2027/8/24,unstoppabledomains,.org,,
shangban.org,2010/7/13,2027/7/13,unstoppabledomains,.org,,
der.cc,2014/4/30,2027/4/30,Cloudflare,.cc,,TRUE
hxx.io,2015/10/27,2027/10/27,Cloudflare,.io,,TRUE
mailbox.cc,2017/8/29,2034/8/29,Cloudflare,.cc,,TRUE
mail.sarl,2023/4/13,2035/9/8,Cloudflare,.sarl,,TRUE
tgp.cc,2000/1/26,2027/1/26,Cloudflare,.cc,,TRUE
aiwo.men,2026/4/11,2027/4/11,Cloudflare,.men,,
blog.cam,2024/5/25,2027/5/25,Cloudflare,.cam,,
hnb.cc,2014/4/24,2027/4/24,Cloudflare,.cc,,
hog.cc,2006/9/8,2026/9/8,Cloudflare,.cc,,
itf.cc,2014/11/1,2033/11/1,Cloudflare,.cc,,
mail.computer,2025/3/13,2028/3/13,Cloudflare,.computer,,TRUE
laotie.men,2026/4/11,2027/4/11,Cloudflare,.men,,
qing.men,2026/4/11,2027/4/11,Cloudflare,.men,,
note.sarl,2026/2/3,2027/2/3,Cloudflare,.sarl,,
sate.cc,2014/12/22,2026/12/22,Cloudflare,.cc,,
rzz.cc,2025/8/4,2027/8/4,Cloudflare,.cc,,
toll.cc,2013/12/22,2026/12/22,Cloudflare,.cc,,
ush.cc,2015/1/2,2027/1/2,Cloudflare,.cc,,
wanggang.cc,2022/7/15,2034/7/15,Cloudflare,.cc,,
vibecoding.men,2026/2/13,2027/2/13,Cloudflare,.men,,
15555.de,2026/2/4,2027/2/4,Netcup,.de,,
